ts,model,dtype,tp_size,worker,analyzer,storage_variant,mode,hooks_on,prompt_len,max_tokens,batch_size,n_layers_captured,enable_prefix_caching,enforce_eager,vllm_version,plugin_version,cuda_version,gpu_model,run_id,profile_tier,rep_idx,row,rep_count,gen_lat_mean,wait_lat_mean,analyze_lat_mean,total_lat_mean,prefill_tok_per_sec,decode_tok_per_sec,peak_gpu_mb,artifact_kb_mean,cuda_alloc_mb_max,cuda_peak_alloc_mb_max,cuda_peak_alloc_mb_mean,cuda_reserved_mb_max,cuda_peak_reserved_mb_max,cuda_alloc_delta_mb_max,cuda_alloc_delta_mb_mean,host_rss_mb_max,host_rss_delta_mb_max,gauge.mem.gpu_mb.count,gauge.mem.gpu_mb.sum,gauge.mem.gpu_mb.mean,gauge.mem.gpu_mb.min,gauge.mem.gpu_mb.max,gauge.mem.gpu_mb.std,gauge.mem.gpu_mb.p50,gauge.mem.gpu_mb.p90,gauge.mem.gpu_mb.p99,gauge.mem.host_rss_mb.count,gauge.mem.host_rss_mb.sum,gauge.mem.host_rss_mb.mean,gauge.mem.host_rss_mb.min,gauge.mem.host_rss_mb.max,gauge.mem.host_rss_mb.std,gauge.mem.host_rss_mb.p50,gauge.mem.host_rss_mb.p90,gauge.mem.host_rss_mb.p99,plan_idx,cell_wall_s,timer.hookllm.build_extra.count,timer.hookllm.build_extra.sum,timer.hookllm.build_extra.mean,timer.hookllm.build_extra.min,timer.hookllm.build_extra.max,timer.hookllm.build_extra.std,timer.hookllm.build_extra.p50,timer.hookllm.build_extra.p90,timer.hookllm.build_extra.p99,timer.rpc.flush_disk.count,timer.rpc.flush_disk.sum,timer.rpc.flush_disk.mean,timer.rpc.flush_disk.min,timer.rpc.flush_disk.max,timer.rpc.flush_disk.std,timer.rpc.flush_disk.p50,timer.rpc.flush_disk.p90,timer.rpc.flush_disk.p99,timer.hookllm.generate.count,timer.hookllm.generate.sum,timer.hookllm.generate.mean,timer.hookllm.generate.min,timer.hookllm.generate.max,timer.hookllm.generate.std,timer.hookllm.generate.p50,timer.hookllm.generate.p90,timer.hookllm.generate.p99,timer.io.artifact_load.safetensors.count,timer.io.artifact_load.safetensors.sum,timer.io.artifact_load.safetensors.mean,timer.io.artifact_load.safetensors.min,timer.io.artifact_load.safetensors.max,timer.io.artifact_load.safetensors.std,timer.io.artifact_load.safetensors.p50,timer.io.artifact_load.safetensors.p90,timer.io.artifact_load.safetensors.p99,timer.analyzer.kernel.count,timer.analyzer.kernel.sum,timer.analyzer.kernel.mean,timer.analyzer.kernel.min,timer.analyzer.kernel.max,timer.analyzer.kernel.std,timer.analyzer.kernel.p50,timer.analyzer.kernel.p90,timer.analyzer.kernel.p99,timer.hookllm.analyze.count,timer.hookllm.analyze.sum,timer.hookllm.analyze.mean,timer.hookllm.analyze.min,timer.hookllm.analyze.max,timer.hookllm.analyze.std,timer.hookllm.analyze.p50,timer.hookllm.analyze.p90,timer.hookllm.analyze.p99,gauge.hookllm.prompts.count,gauge.hookllm.prompts.sum,gauge.hookllm.prompts.mean,gauge.hookllm.prompts.min,gauge.hookllm.prompts.max,gauge.hookllm.prompts.std,gauge.hookllm.prompts.p50,gauge.hookllm.prompts.p90,gauge.hookllm.prompts.p99,gauge.io.bytes_read.safetensors.count,gauge.io.bytes_read.safetensors.sum,gauge.io.bytes_read.safetensors.mean,gauge.io.bytes_read.safetensors.min,gauge.io.bytes_read.safetensors.max,gauge.io.bytes_read.safetensors.std,gauge.io.bytes_read.safetensors.p50,gauge.io.bytes_read.safetensors.p90,gauge.io.bytes_read.safetensors.p99,gauge.io.bytes_read.json.count,gauge.io.bytes_read.json.sum,gauge.io.bytes_read.json.mean,gauge.io.bytes_read.json.min,gauge.io.bytes_read.json.max,gauge.io.bytes_read.json.std,gauge.io.bytes_read.json.p50,gauge.io.bytes_read.json.p90,gauge.io.bytes_read.json.p99,counter.hookllm.generate.calls,counter.hookllm.analyze.calls
2026-06-02 14:59:12,Qwen/Qwen2-1.5B-Instruct,float16,1,,,rpc,last_token,prefill,16,1,1,,False,True,,,,,,1,0,baseline,5,0.016634410014376044,3.748852759599686e-06,1.63959339261055e-07,0.016638322826474906,962.1196138097578,60.13247586310986,41876.0625,0.0,0.0,0.0,0.0,0.0,0.0,0.0,0.0,1128.53125,0.0,2,83752.125,41876.0625,41876.0625,41876.0625,0.0,41876.0625,41876.0625,41876.0625,2,2257.0625,1128.53125,1128.53125,1128.53125,0.0,1128.53125,1128.53125,1128.53125,1,37.243,,,,,,,,,,,,,,,,,,,,,,,,,,,,,,,,,,,,,,,,,,,,,,,,,,,,,,,,,,,,,,,,,,,,,,,,,,,,,,,,,,,
2026-06-02 14:59:40,Qwen/Qwen2-1.5B-Instruct,float16,1,,,rpc,last_token,prefill,16,32,1,,False,True,,,,,,1,0,baseline,5,0.4865407671779394,4.322407767176628e-06,2.1602027118206023e-07,0.48654530560597775,32.88907217361365,65.7781443472273,41876.0625,0.0,0.0,0.0,0.0,0.0,0.0,0.0,0.0,1284.1796875,0.0,42,1758794.625,41876.0625,41876.0625,41876.0625,0.0,41876.0625,41876.0625,41876.0625,42,53935.546875,1284.1796875,1284.1796875,1284.1796875,0.0,1284.1796875,1284.1796875,1284.1796875,2,28.218,,,,,,,,,,,,,,,,,,,,,,,,,,,,,,,,,,,,,,,,,,,,,,,,,,,,,,,,,,,,,,,,,,,,,,,,,,,,,,,,,,,
2026-06-02 15:00:04,Qwen/Qwen2-1.5B-Instruct,float16,1,,,rpc,last_token,prefill,16,1,16,,False,True,,,,,,1,0,baseline,5,0.03339911038056016,3.158207982778549e-06,1.2395903468132019e-07,0.03340239254757762,7665.451260104579,479.0907037565362,41876.0625,0.0,0.0,0.0,0.0,0.0,0.0,0.0,0.0,1292.421875,0.0,3,125628.1875,41876.0625,41876.0625,41876.0625,0.0,41876.0625,41876.0625,41876.0625,3,3877.265625,1292.421875,1292.421875,1292.421875,0.0,1292.421875,1292.421875,1292.421875,3,23.962,,,,,,,,,,,,,,,,,,,,,,,,,,,,,,,,,,,,,,,,,,,,,,,,,,,,,,,,,,,,,,,,,,,,,,,,,,,,,,,,,,,
2026-06-02 15:00:32,Qwen/Qwen2-1.5B-Instruct,float16,1,,,rpc,last_token,prefill,16,32,16,,False,True,,,,,,1,0,baseline,5,0.5415871405508369,4.0978193283081055e-06,1.9441358745098114e-07,0.5415914327837527,472.7006132478133,945.4012264956266,41876.0625,0.0,0.0,0.0,0.0,0.0,0.0,0.0,0.0,1308.23828125,0.0,46,1926298.875,41876.0625,41876.0625,41876.0625,0.0,41876.0625,41876.0625,41876.0625,46,60178.9609375,1308.23828125,1308.23828125,1308.23828125,0.0,1308.23828125,1308.23828125,1308.23828125,4,28.085,,,,,,,,,,,,,,,,,,,,,,,,,,,,,,,,,,,,,,,,,,,,,,,,,,,,,,,,,,,,,,,,,,,,,,,,,,,,,,,,,,,
2026-06-02 15:00:57,Qwen/Qwen2-1.5B-Instruct,float16,1,,,rpc,last_token,prefill,256,1,1,,False,True,,,,,,1,0,baseline,5,0.016812261752784254,3.2884534448385237e-06,1.2009404599666594e-07,0.016815670300275087,15230.113113924057,59.49262935126585,41876.0625,0.0,0.0,0.0,0.0,0.0,0.0,0.0,0.0,1307.328125,0.0,1,41876.0625,41876.0625,41876.0625,41876.0625,,,,,1,1307.328125,1307.328125,1307.328125,1307.328125,,,,,5,24.346,,,,,,,,,,,,,,,,,,,,,,,,,,,,,,,,,,,,,,,,,,,,,,,,,,,,,,,,,,,,,,,,,,,,,,,,,,,,,,,,,,,
2026-06-02 15:01:25,Qwen/Qwen2-1.5B-Instruct,float16,1,,,rpc,last_token,prefill,256,32,1,,False,True,,,,,,1,0,baseline,5,0.49149035778827965,4.1996128857135774e-06,2.0442530512809753e-07,0.4914947618264705,520.8808659757248,65.1101082469656,41876.0625,0.0,0.0,0.0,0.0,0.0,0.0,0.0,0.0,1308.31640625,0.0,49,2051927.0625,41876.0625,41876.0625,41876.0625,0.0,41876.0625,41876.0625,41876.0625,49,64107.50390625,1308.31640625,1308.31640625,1308.31640625,0.0,1308.31640625,1308.31640625,1308.31640625,6,28.178,,,,,,,,,,,,,,,,,,,,,,,,,,,,,,,,,,,,,,,,,,,,,,,,,,,,,,,,,,,,,,,,,,,,,,,,,,,,,,,,,,,
2026-06-02 15:01:52,Qwen/Qwen2-1.5B-Instruct,float16,1,,,rpc,last_token,prefill,256,1,16,,False,True,,,,,,1,0,baseline,5,0.07478530365042388,3.86522151529789e-06,1.9059516489505768e-07,0.07478935946710408,54796.137446353925,214.04741189982002,41876.0625,0.0,0.0,0.0,0.0,0.0,0.0,0.0,0.0,1305.08203125,0.0,8,335008.5,41876.0625,41876.0625,41876.0625,0.0,41876.0625,41876.0625,41876.0625,8,10440.65625,1305.08203125,1305.08203125,1305.08203125,0.0,1305.08203125,1305.08203125,1305.08203125,7,27.188,,,,,,,,,,,,,,,,,,,,,,,,,,,,,,,,,,,,,,,,,,,,,,,,,,,,,,,,,,,,,,,,,,,,,,,,,,,,,,,,,,,
2026-06-02 15:02:21,Qwen/Qwen2-1.5B-Instruct,float16,1,,,rpc,last_token,prefill,256,32,16,,False,True,,,,,,1,0,baseline,5,0.5758374105207622,4.969071596860886e-06,3.0300579965114596e-07,0.5758426825981587,7113.328036143343,889.1660045179178,41876.0625,0.0,0.0,0.0,0.0,0.0,0.0,0.0,0.0,1306.98828125,0.0,57,2386935.5625,41876.0625,41876.0625,41876.0625,0.0,41876.0625,41876.0625,41876.0625,57,74498.33203125,1306.98828125,1306.98828125,1306.98828125,0.0,1306.98828125,1306.98828125,1306.98828125,8,29.321,,,,,,,,,,,,,,,,,,,,,,,,,,,,,,,,,,,,,,,,,,,,,,,,,,,,,,,,,,,,,,,,,,,,,,,,,,,,,,,,,,,
2026-06-02 15:02:45,Qwen/Qwen2-1.5B-Instruct,float16,1,,,rpc,last_token,prefill,16,1,1,,False,True,,,,,,1,0,plugin_idle,5,0.016127037024125455,3.3101532608270645e-06,1.280102878808975e-07,0.016130475187674166,992.5935972466534,62.03709982791584,41876.0625,0.0,0.0,0.0,0.0,0.0,0.0,0.0,0.0,1308.01171875,0.0,2,83752.125,41876.0625,41876.0625,41876.0625,0.0,41876.0625,41876.0625,41876.0625,2,2616.0234375,1308.01171875,1308.01171875,1308.01171875,0.0,1308.01171875,1308.01171875,1308.01171875,9,23.439,,,,,,,,,,,,,,,,,,,,,,,,,,,,,,,,,,,,,,,,,,,,,,,,,,,,,,,,,,,,,,,,,,,,,,,,,,,,,,,,,,,
2026-06-02 15:03:13,Qwen/Qwen2-1.5B-Instruct,float16,1,,,rpc,last_token,prefill,16,32,1,,False,True,,,,,,1,0,plugin_idle,5,0.49920260622166096,5.84120862185955e-06,3.465916961431503e-07,0.499208794021979,32.06574468261381,64.13148936522762,41876.0625,0.0,0.0,0.0,0.0,0.0,0.0,0.0,0.0,1308.39453125,0.0,49,2051927.0625,41876.0625,41876.0625,41876.0625,0.0,41876.0625,41876.0625,41876.0625,49,64111.33203125,1308.39453125,1308.39453125,1308.39453125,0.0,1308.39453125,1308.39453125,1308.39453125,10,28.261,,,,,,,,,,,,,,,,,,,,,,,,,,,,,,,,,,,,,,,,,,,,,,,,,,,,,,,,,,,,,,,,,,,,,,,,,,,,,,,,,,,
2026-06-02 15:03:37,Qwen/Qwen2-1.5B-Instruct,float16,1,,,rpc,last_token,prefill,16,1,16,,False,True,,,,,,1,0,plugin_idle,5,0.03436496327631176,4.085339605808258e-06,2.1639280021190643e-07,0.03436926500871777,7454.208130437088,465.888008152318,41876.0625,0.0,0.0,0.0,0.0,0.0,0.0,0.0,0.0,1308.69140625,0.0,4,167504.25,41876.0625,41876.0625,41876.0625,0.0,41876.0625,41876.0625,41876.0625,4,5234.765625,1308.69140625,1308.69140625,1308.69140625,0.0,1308.69140625,1308.69140625,1308.69140625,11,23.559,,,,,,,,,,,,,,,,,,,,,,,,,,,,,,,,,,,,,,,,,,,,,,,,,,,,,,,,,,,,,,,,,,,,,,,,,,,,,,,,,,,
2026-06-02 15:04:08,Qwen/Qwen2-1.5B-Instruct,float16,1,,,rpc,last_token,prefill,16,32,16,,False,True,,,,,,1,0,plugin_idle,5,0.5928637525998056,4.86522912979126e-06,2.3664906620979309e-07,0.5928688544780016,432.31185671071245,864.6237134214249,41876.0625,0.0,0.0,0.0,0.0,0.0,0.0,0.0,0.0,1311.55859375,0.0,59,2470687.6875,41876.0625,41876.0625,41876.0625,0.0,41876.0625,41876.0625,41876.0625,59,77381.95703125,1311.55859375,1311.55859375,1311.55859375,0.0,1311.55859375,1311.55859375,1311.55859375,12,30.814,,,,,,,,,,,,,,,,,,,,,,,,,,,,,,,,,,,,,,,,,,,,,,,,,,,,,,,,,,,,,,,,,,,,,,,,,,,,,,,,,,,
2026-06-02 15:04:32,Qwen/Qwen2-1.5B-Instruct,float16,1,,,rpc,last_token,prefill,256,1,1,,False,True,,,,,,1,0,plugin_idle,5,0.016906978003680705,3.6365818232297897e-06,1.4603137969970704e-07,0.016910760616883635,15148.518242150687,59.17389938340112,41876.0625,0.0,0.0,0.0,0.0,0.0,0.0,0.0,0.0,1310.16796875,0.0,1,41876.0625,41876.0625,41876.0625,41876.0625,,,,,1,1310.16796875,1310.16796875,1310.16796875,1310.16796875,,,,,13,24.25,,,,,,,,,,,,,,,,,,,,,,,,,,,,,,,,,,,,,,,,,,,,,,,,,,,,,,,,,,,,,,,,,,,,,,,,,,,,,,,,,,,
2026-06-02 15:05:01,Qwen/Qwen2-1.5B-Instruct,float16,1,,,rpc,last_token,prefill,256,32,1,,False,True,,,,,,1,0,plugin_idle,5,0.48402626141905786,1.1437386274337768e-05,2.4656765162944794e-07,0.48403794537298384,528.9266220214947,66.11582775268684,41876.0625,0.0,0.0,0.0,0.0,0.0,0.0,0.0,0.0,1313.44921875,0.0,47,1968174.9375,41876.0625,41876.0625,41876.0625,0.0,41876.0625,41876.0625,41876.0625,47,61732.11328125,1313.44921875,1313.44921875,1313.44921875,0.0,1313.44921875,1313.44921875,1313.44921875,14,29.089,,,,,,,,,,,,,,,,,,,,,,,,,,,,,,,,,,,,,,,,,,,,,,,,,,,,,,,,,,,,,,,,,,,,,,,,,,,,,,,,,,,
2026-06-02 15:05:26,Qwen/Qwen2-1.5B-Instruct,float16,1,,,rpc,last_token,prefill,256,1,16,,False,True,,,,,,1,0,plugin_idle,5,0.07517458903603255,3.488874062895775e-06,2.2817403078079224e-07,0.07517830608412623,54535.08601613287,213.027679750519,41876.0625,0.0,0.0,0.0,0.0,0.0,0.0,0.0,0.0,1319.984375,0.0,7,293132.4375,41876.0625,41876.0625,41876.0625,0.0,41876.0625,41876.0625,41876.0625,7,9239.890625,1319.984375,1319.984375,1319.984375,0.0,1319.984375,1319.984375,1319.984375,15,25.01,,,,,,,,,,,,,,,,,,,,,,,,,,,,,,,,,,,,,,,,,,,,,,,,,,,,,,,,,,,,,,,,,,,,,,,,,,,,,,,,,,,
2026-06-02 15:05:57,Qwen/Qwen2-1.5B-Instruct,float16,1,,,rpc,last_token,prefill,256,32,16,,False,True,,,,,,1,0,plugin_idle,5,0.5691572144161909,4.043616354465485e-06,2.1853484213352204e-07,0.5691614765673876,7198.535503677964,899.8169379597455,41876.0625,0.0,0.0,0.0,0.0,0.0,0.0,0.0,0.0,1319.21484375,0.0,56,2345059.5,41876.0625,41876.0625,41876.0625,0.0,41876.0625,41876.0625,41876.0625,56,73876.03125,1319.21484375,1319.21484375,1319.21484375,0.0,1319.21484375,1319.21484375,1319.21484375,16,30.592,,,,,,,,,,,,,,,,,,,,,,,,,,,,,,,,,,,,,,,,,,,,,,,,,,,,,,,,,,,,,,,,,,,,,,,,,,,,,,,,,,,
2026-06-02 15:06:23,Qwen/Qwen2-1.5B-Instruct,float16,1,probe_hook_qk,attn_tracker,disk-st-async,last_token,prefill,16,1,1,,False,True,,,,,,1,0,probe_hook_qk,5,0.020102051179856063,0.010715882573276759,0.19283919199369848,0.2236571257468313,797.102231344693,49.81888945904331,41876.0625,14.397265625,0.0,0.0,0.0,0.0,0.0,0.0,0.0,1309.6875,1.0,23,963149.4375,41876.0625,41876.0625,41876.0625,0.0,41876.0625,41876.0625,41876.0625,23,30113.8125,1309.296195652174,1308.6875,1309.6875,0.4990108793478454,1309.6875,1309.6875,1309.6875,17,25.972,5,0.0581981148570776,0.01163962297141552,0.00881589949131012,0.018344027921557426,0.0038774449524743688,0.010911142453551292,0.018344027921557426,0.018344027921557426,5,3.941664006561041,0.7883328013122082,0.7053150329738855,0.9289849549531937,0.08661398202820834,0.7503689266741276,0.9289849549531937,0.9289849549531937,5,100.30885599553585,20.06177119910717,19.34174494817853,21.43941493704915,0.8744817551080117,19.658379023894668,21.43941493704915,21.43941493704915,5,2.585767302662134,0.5171534605324268,0.45122718438506126,0.6215879693627357,0.07586071780949492,0.4747118800878525,0.6215879693627357,0.6215879693627357,5,963.2620753254741,192.65241506509483,169.703490100801,258.77776299603283,37.27709567925748,175.81544118002057,258.77776299603283,258.77776299603283,5,963.7207968626171,192.74415937252343,169.79443095624447,258.87617701664567,37.280124007967295,175.91057997196913,258.87617701664567,258.87617701664567,5,5.0,1.0,1.0,1.0,0.0,1.0,1.0,1.0,5,57360.0,11472.0,11472.0,11472.0,0.0,11472.0,11472.0,11472.0,5,16354.0,3270.8,3254.0,3285.0,12.497999839974394,3269.0,3285.0,3285.0,5,5
2026-06-02 15:06:52,Qwen/Qwen2-1.5B-Instruct,float16,1,probe_hook_qk,attn_tracker,disk-st-async,last_token,prefill,16,32,1,,False,True,,,,,,1,0,probe_hook_qk,5,0.5133530422579498,0.010790300369262696,0.17574205002747476,0.6998853926546872,31.17510611655993,62.35021223311986,41876.0625,14.396875,0.0,0.0,0.0,0.0,0.0,0.0,0.0,1304.98046875,0.0,70,2931324.375,41876.0625,41876.0625,41876.0625,0.0,41876.0625,41876.0625,41876.0625,70,91348.6328125,1304.98046875,1304.98046875,1304.98046875,0.0,1304.98046875,1304.98046875,1304.98046875,18,29.109,5,0.07911701686680317,0.015823403373360634,0.008766073733568192,0.036136945709586143,0.011421630962661244,0.011230818927288055,0.036136945709586143,0.036136945709586143,5,6.063910899683833,1.2127821799367666,1.0220198892056942,1.502312021329999,0.17663652703481997,1.1936919763684273,1.502312021329999,1.502312021329999,5,2566.445109900087,513.2890219800174,502.7624350041151,525.3278450109065,8.894317784150935,514.2820058390498,525.3278450109065,525.3278450109065,5,3.619481809437275,0.723896361887455,0.5576480180025101,0.9231548756361008,0.17388343726282213,0.6389610935002565,0.9231548756361008,0.9231548756361008,5,877.3923150729388,175.47846301458776,167.7123699337244,185.87581091560423,7.420973576213668,176.2849041260779,185.87581091560423,185.87581091560423,5,877.9429087880999,175.58858175761998,167.80207795090973,186.0003548208624,7.4366616768342295,176.43786198459566,186.0003548208624,186.0003548208624,5,5.0,1.0,1.0,1.0,0.0,1.0,1.0,1.0,5,57360.0,11472.0,11472.0,11472.0,0.0,11472.0,11472.0,11472.0,5,16352.0,3270.4,3266.0,3273.0,2.9664793948382653,3271.0,3273.0,3273.0,5,5
2026-06-02 15:07:49,Qwen/Qwen2-1.5B-Instruct,float16,1,probe_hook_qk,attn_tracker,disk-st-async,last_token,prefill,16,1,16,,False,True,,,,,,1,0,probe_hook_qk,5,0.05153479604050517,0.01082786899060011,4.795008823229,4.857371488260105,5030.159959633235,314.3849974770772,41876.0625,179.45,0.0,0.0,0.0,0.0,0.0,0.0,0.0,1307.8359375,0.0,430,18006706.875,41876.0625,41876.0625,41876.0625,0.0,41876.0625,41876.0625,41876.0625,430,562369.453125,1307.8359375,1307.8359375,1307.8359375,0.0,1307.8359375,1307.8359375,1307.8359375,19,57.509,5,0.05591497756540775,0.01118299551308155,0.010570045560598373,0.012001954019069672,0.0005479447121836226,0.011110911145806313,0.012001954019069672,0.012001954019069672,5,16.456545097753406,3.291309019550681,1.7246101051568985,4.8600600566715,1.4169370057146955,3.483413951471448,4.8600600566715,4.8600600566715,5,257.4658377561718,51.493167551234365,44.312032870948315,62.39339103922248,6.698687780114028,49.74962794221938,62.39339103922248,62.39339103922248,5,4.45882510393858,0.8917650207877159,0.7668901234865189,0.9529800154268742,0.07405247666202404,0.9234140161424875,0.9529800154268742,0.9529800154268742,5,23973.40934490785,4794.68186898157,3974.714834941551,5837.318517966196,860.7224110732705,4528.45044597052,5837.318517966196,5837.318517966196,5,23973.943006945774,4794.788601389155,3974.8157439753413,5837.428945116699,860.7274922521714,4528.56384892948,5837.428945116699,5837.428945116699,5,80.0,16.0,16.0,16.0,0.0,16.0,16.0,16.0,5,902200.0,180440.0,180440.0,180440.0,0.0,180440.0,180440.0,180440.0,5,16584.0,3316.8,3313.0,3321.0,3.5637059362410923,3316.0,3321.0,3321.0,5,5
2026-06-02 15:08:43,Qwen/Qwen2-1.5B-Instruct,float16,1,probe_hook_qk,attn_tracker,disk-st-async,last_token,prefill,16,32,16,,False,True,,,,,,1,0,probe_hook_qk,5,0.5888778887223453,0.010787218669429421,3.388043701183051,3.9877088085748253,434.81332353536783,869.6266470707357,41876.0625,179.4724609375,0.0,0.0,0.0,0.0,0.0,0.0,0.0,1317.44921875,0.0,357,14949754.3125,41876.0625,41876.0625,41876.0625,0.0,41876.0625,41876.0625,41876.0625,357,470329.37109375,1317.44921875,1317.44921875,1317.44921875,0.0,1317.44921875,1317.44921875,1317.44921875,20,53.666,5,0.06049382500350475,0.01209876500070095,0.010018935427069664,0.016991980373859406,0.0028239586792135987,0.011440832167863846,0.016991980373859406,0.016991980373859406,5,11.080825701355934,2.216165140271187,1.8382431007921696,2.867105882614851,0.39791641916618786,2.081820974126458,2.867105882614851,2.867105882614851,5,2944.151708856225,588.830341771245,576.3509159442037,597.7506469935179,9.35056463001096,589.4228329416364,597.7506469935179,597.7506469935179,5,5.7945651933550835,1.1589130386710167,0.8873469196259975,1.8871051725000143,0.42574812639192716,0.9171429555863142,1.8871051725000143,1.8871051725000143,5,16938.596348976716,3387.7192697953433,3123.79693496041,4155.999541049823,437.18234425120545,3187.9283599555492,4155.999541049823,4155.999541049823,5,16939.213539939374,3387.8427079878747,3123.9007299300283,4156.173267867416,437.20823171457516,3188.0271560512483,4156.173267867416,4156.173267867416,5,80.0,16.0,16.0,16.0,0.0,16.0,16.0,16.0,5,902200.0,180440.0,180440.0,180440.0,0.0,180440.0,180440.0,180440.0,5,16699.0,3339.8,3331.0,3350.0,8.700574693662482,3337.0,3350.0,3350.0,5,5
2026-06-02 15:09:17,Qwen/Qwen2-1.5B-Instruct,float16,1,probe_hook_qk,attn_tracker,disk-st-async,last_token,prefill,256,1,1,,False,True,,,,,,1,0,probe_hook_qk,5,0.02335381172597408,0.015985305421054363,0.32953344183042643,0.3688725589774549,11010.186645820699,43.008541585237104,41876.0625,134.407421875,0.0,0.0,0.0,0.0,0.0,0.0,0.0,1319.23046875,0.0,36,1507538.25,41876.0625,41876.0625,41876.0625,0.0,41876.0625,41876.0625,41876.0625,36,47492.296875,1319.23046875,1319.23046875,1319.23046875,0.0,1319.23046875,1319.23046875,1319.23046875,21,34.108,5,0.05112611688673496,0.010225223377346992,0.00895606353878975,0.012252945452928543,0.0016168250679717015,0.009136972948908806,0.012252945452928543,0.012252945452928543,5,8.602339308708906,1.7204678617417812,0.78587606549263,4.7313980758190155,1.6946895639674175,0.9406269527971745,4.7313980758190155,4.7313980758190155,5,116.55453685671091,23.310907371342182,21.337253972887993,26.177656836807728,1.7598823704340372,23.034872952848673,26.177656836807728,26.177656836807728,5,12.473781825974584,2.4947563651949167,0.4950098227709532,10.22268389351666,4.320497539885805,0.5706618539988995,10.22268389351666,10.22268389351666,5,1645.1237129513174,329.0247425902635,305.4248229600489,345.86277790367603,18.513142185790954,336.2024500966072,345.86277790367603,345.86277790367603,5,1646.7085392214358,329.34170784428716,305.51577312871814,347.0706669613719,18.77596432881573,336.28988498821855,347.0706669613719,347.0706669613719,5,5.0,1.0,1.0,1.0,0.0,1.0,1.0,1.0,5,671800.0,134360.0,134360.0,134360.0,0.0,134360.0,134360.0,134360.0,5,16366.0,3273.2,3267.0,3282.0,5.630275304103699,3273.0,3282.0,3282.0,5,5
2026-06-02 15:09:50,Qwen/Qwen2-1.5B-Instruct,float16,1,probe_hook_qk,attn_tracker,disk-st-async,last_token,prefill,256,32,1,,False,True,,,,,,1,0,probe_hook_qk,5,0.5275854747742414,0.010767924226820469,0.2666522652376443,0.8050056642387062,485.24613343104164,60.655766678880205,41876.0625,134.4259765625,0.0,0.0,0.0,0.0,0.0,0.0,0.0,1309.4296875,0.0,65,2721944.0625,41876.0625,41876.0625,41876.0625,0.0,41876.0625,41876.0625,41876.0625,65,85112.9296875,1309.4296875,1309.4296875,1309.4296875,0.0,1309.4296875,1309.4296875,1309.4296875,22,32.664,5,0.04687695764005184,0.009375391528010368,0.008344883099198341,0.010218936949968338,0.0006822381454556901,0.009367009624838829,0.010218936949968338,0.010218936949968338,5,6.396974669769406,1.2793949339538813,1.0534890461713076,1.7042409162968397,0.25799709645419794,1.2339269742369652,1.7042409162968397,1.7042409162968397,5,2637.7490698359907,527.5498139671981,524.1485310252756,531.3835719134659,3.4613990021940166,525.7543469779193,531.3835719134659,531.3835719134659,5,3.0411938205361366,0.6082387641072273,0.5550128407776356,0.6764009594917297,0.04359041058373704,0.6031128577888012,0.6764009594917297,0.6764009594917297,5,1332.105535781011,266.4211071562022,202.88989297114313,336.10353502444923,47.263657247990885,266.3808548822999,336.10353502444923,336.10353502444923,5,1332.5425151269883,266.50850302539766,202.96960300765932,336.1912090331316,47.26590393571063,266.46802900359035,336.1912090331316,336.1912090331316,5,5.0,1.0,1.0,1.0,0.0,1.0,1.0,1.0,5,671800.0,134360.0,134360.0,134360.0,0.0,134360.0,134360.0,134360.0,5,16461.0,3292.2,3283.0,3304.0,9.038805230781334,3290.0,3304.0,3304.0,5,5
2026-06-02 15:10:52,Qwen/Qwen2-1.5B-Instruct,float16,1,probe_hook_qk,attn_tracker,disk-st-async,last_token,prefill,256,1,16,,False,True,,,,,,1,0,probe_hook_qk,5,0.10031444518826901,0.02113854358904064,4.631065749609843,4.7525187383871526,41048.561965648805,160.34594517831565,41876.0625,2099.5080078125,0.0,0.0,0.0,0.0,0.0,0.0,0.0,1305.16015625,0.0,431,18048582.9375,41876.0625,41876.0625,41876.0625,0.0,41876.0625,41876.0625,41876.0625,431,562186.5703125,1304.3771933004641,1302.95703125,1306.73046875,1.520081417660916,1303.5859375,1306.73046875,1306.73046875,23,62.739,5,0.05701719783246517,0.011403439566493034,0.010549090802669525,0.013074139133095741,0.0009749414851019095,0.011150958016514778,0.013074139133095741,0.013074139133095741,5,15.475603519007564,3.0951207038015127,2.1381971891969442,3.8285821210592985,0.6385008939262358,3.3139761071652174,3.8285821210592985,3.8285821210592985,5,501.3684325385839,100.27368650771677,88.23010511696339,107.92081709951162,7.96380564317641,101.53576219454408,107.92081709951162,107.92081709951162,5,4.515533102676272,0.9031066205352545,0.6626939866691828,1.3491851277649403,0.2708291821575245,0.8230858948081732,1.3491851277649403,1.3491851277649403,5,23153.55717903003,4630.711435806006,4172.967594116926,5478.41687197797,554.9439164575065,4410.22416902706,5478.41687197797,5478.41687197797,5,23154.205227736384,4630.841045547277,4173.0665799696,5478.613191051409,554.9732582788761,4410.336259985343,5478.613191051409,5478.613191051409,5,80.0,16.0,16.0,16.0,0.0,16.0,16.0,16.0,5,10732640.0,2146528.0,2146528.0,2146528.0,0.0,2146528.0,2146528.0,2146528.0,5,16841.0,3368.2,3360.0,3372.0,4.8166378315169185,3370.0,3372.0,3372.0,5,5
2026-06-02 15:11:57,Qwen/Qwen2-1.5B-Instruct,float16,1,probe_hook_qk,attn_tracker,disk-st-async,last_token,prefill,256,32,16,,False,True,,,,,,1,0,probe_hook_qk,5,0.6372682872228325,0.016953489789739252,4.392350610392168,5.04657238740474,6428.624529484911,803.5780661856139,41878.0625,2099.49921875,0.0,0.0,0.0,0.0,0.0,0.0,0.0,1314.91015625,0.0,455,19054518.4375,41878.0625,41878.0625,41878.0625,0.0,41878.0625,41878.0625,41878.0625,455,598284.12109375,1314.91015625,1314.91015625,1314.91015625,0.0,1314.91015625,1314.91015625,1314.91015625,24,64.208,5,0.05249888636171818,0.010499777272343636,0.008536037057638168,0.01378590241074562,0.002057089987403107,0.009989133104681969,0.01378590241074562,0.01378590241074562,5,13.913218164816499,2.7826436329632998,2.631734125316143,3.2224729657173157,0.24759173121415273,2.6863571256399155,3.2224729657173157,3.2224729657173157,5,3186.138425488025,637.227685097605,628.8949500303715,653.6524211987853,9.76695007894829,635.8463310170919,653.6524211987853,653.6524211987853,5,3.829033114016056,0.7658066228032112,0.5869830492883921,1.0536490008234978,0.18546550917738416,0.684425001963973,1.0536490008234978,1.0536490008234978,5,21960.202671121806,4392.040534224361,3541.464304085821,5535.120168002322,820.4322973672038,4524.08486395143,5535.120168002322,5535.120168002322,5,21960.699182236567,4392.139836447313,3541.5734180714935,5535.199235891923,820.4228874481355,4524.199780076742,5535.199235891923,5535.199235891923,5,80.0,16.0,16.0,16.0,0.0,16.0,16.0,16.0,5,10732640.0,2146528.0,2146528.0,2146528.0,0.0,2146528.0,2146528.0,2146528.0,5,16796.0,3359.2,3349.0,3370.0,8.318653737234168,3357.0,3370.0,3370.0,5,5
2026-06-02 15:12:23,Qwen/Qwen2-1.5B-Instruct,float16,1,probe_hook_qk,attn_tracker,disk-st-async,all_tokens,prefill,16,1,1,,False,True,,,,,,1,0,probe_hook_qk,5,0.01951507399789989,0.010603283997625113,0.000735898781567812,0.030854256777092814,820.0491950138983,51.25307468836864,41876.0625,59.421484375,0.0,0.0,0.0,0.0,0.0,0.0,0.0,1315.0234375,0.0,3,125628.1875,41876.0625,41876.0625,41876.0625,0.0,41876.0625,41876.0625,41876.0625,3,3945.0703125,1315.0234375,1315.0234375,1315.0234375,0.0,1315.0234375,1315.0234375,1315.0234375,25,26.205,5,0.03034784458577633,0.006069568917155266,0.0053299590945243835,0.006492016837000847,0.00048262775532898546,0.006222166121006012,0.006492016837000847,0.006492016837000847,5,4.677579738199711,0.9355159476399422,0.8991600479930639,0.9862128645181656,0.03496644499219613,0.9268410503864288,0.9862128645181656,0.9862128645181656,5,97.47341880574822,19.494683761149645,19.138154108077288,19.81689897365868,0.3133080662210762,19.559765933081508,19.81689897365868,19.81689897365868,5,1.931376988068223,0.3862753976136446,0.3579522017389536,0.4419798497110605,0.032658634639274195,0.37485407665371895,0.4419798497110605,0.4419798497110605,5,2.9629357159137726,0.5925871431827545,0.5678269080817699,0.6565840449184179,0.03671670350677171,0.5834249313920736,0.6565840449184179,0.6565840449184179,5,3.259642980992794,0.6519285961985588,0.6251439917832613,0.7203239947557449,0.039355286864898975,0.6426367908716202,0.7203239947557449,0.7203239947557449,5,5.0,1.0,1.0,1.0,0.0,1.0,1.0,1.0,5,287800.0,57560.0,57560.0,57560.0,0.0,57560.0,57560.0,57560.0,5,16438.0,3287.6,3282.0,3295.0,4.878524367060187,3287.0,3295.0,3295.0,5,5
2026-06-02 15:12:51,Qwen/Qwen2-1.5B-Instruct,float16,1,probe_hook_qk,attn_tracker,disk-st-async,all_tokens,prefill,16,32,1,,False,True,,,,,,1,0,probe_hook_qk,5,0.5097195608075709,0.01074777920730412,0.0011653632391244173,0.5216327032539994,31.39894704630932,62.79789409261864,41876.0625,59.41484375,0.0,0.0,0.0,0.0,0.0,0.0,0.0,1305.78125,0.0,49,2051927.0625,41876.0625,41876.0625,41876.0625,0.0,41876.0625,41876.0625,41876.0625,49,63983.28125,1305.78125,1305.78125,1305.78125,0.0,1305.78125,1305.78125,1305.78125,26,27.796,5,0.03958377055823803,0.007916754111647606,0.00720401294529438,0.009286915883421898,0.0008190119538829192,0.0077339354902505875,0.009286915883421898,0.009286915883421898,5,5.647290265187621,1.1294580530375242,0.9677289053797722,1.3228151947259903,0.12641470655919443,1.1188720818609,1.3228151947259903,1.3228151947259903,5,2548.463269835338,509.6926539670676,499.68869681470096,525.1732119359076,9.785388024929512,506.2284211162478,525.1732119359076,525.1732119359076,5,3.5247118212282658,0.7049423642456532,0.6223798263818026,0.9536710567772388,0.1396507416862898,0.6475469563156366,0.9536710567772388,0.9536710567772388,5,4.873816389590502,0.9747632779181004,0.8916549850255251,1.2212640140205622,0.13855242802769738,0.9235551115125418,1.2212640140205622,1.2212640140205622,5,5.24160685017705,1.04832137003541,0.9645018726587296,1.2959351297467947,0.13917777684769667,0.9955298155546188,1.2959351297467947,1.2959351297467947,5,5.0,1.0,1.0,1.0,0.0,1.0,1.0,1.0,5,287800.0,57560.0,57560.0,57560.0,0.0,57560.0,57560.0,57560.0,5,16404.0,3280.8,3267.0,3290.0,8.814760348415605,3284.0,3290.0,3290.0,5,5
2026-06-02 15:13:18,Qwen/Qwen2-1.5B-Instruct,float16,1,probe_hook_qk,attn_tracker,disk-st-async,all_tokens,prefill,16,1,16,,False,True,,,,,,1,0,probe_hook_qk,5,0.040241978922858836,0.010856744414195419,0.0012273418251425028,0.052326065162196754,6369.22811412715,398.07675713294685,41876.0625,899.5451171875,0.0,0.0,0.0,0.0,0.0,0.0,0.0,1304.83203125,0.0,5,209380.3125,41876.0625,41876.0625,41876.0625,0.0,41876.0625,41876.0625,41876.0625,5,6524.16015625,1304.83203125,1304.83203125,1304.83203125,0.0,1304.83203125,1304.83203125,1304.83203125,27,27.392,5,0.04107668064534664,0.008215336129069328,0.005579786375164986,0.009919051080942154,0.0017869153553583146,0.009106937795877457,0.009919051080942154,0.009919051080942154,5,8.338274667039514,1.6676549334079027,1.5892048832029104,1.740660984069109,0.06523581108342191,1.6872198320925236,1.740660984069109,1.740660984069109,5,201.05017581954598,40.2100351639092,38.41133206151426,41.75514401867986,1.5480000204973394,40.94326891936362,41.75514401867986,41.75514401867986,5,3.649255493655801,0.7298510987311602,0.6112679839134216,0.8037898223847151,0.09905068283421752,0.8006149437278509,0.8037898223847151,0.8037898223847151,5,5.065505625680089,1.0131011251360178,0.8628808427602053,1.1246718931943178,0.12909848318092443,1.0863810312002897,1.1246718931943178,1.1246718931943178,5,5.433517973870039,1.0867035947740078,0.931028975173831,1.2006459292024374,0.13469410223886114,1.1617830023169518,1.2006459292024374,1.2006459292024374,5,80.0,16.0,16.0,16.0,0.0,16.0,16.0,16.0,5,4588640.0,917728.0,917728.0,917728.0,0.0,917728.0,917728.0,917728.0,5,17031.0,3406.2,3400.0,3417.0,6.572670690061994,3406.0,3417.0,3417.0,5,5
2026-06-02 15:13:50,Qwen/Qwen2-1.5B-Instruct,float16,1,probe_hook_qk,attn_tracker,disk-st-async,all_tokens,prefill,16,32,16,,False,True,,,,,,1,0,probe_hook_qk,5,0.5829194744117558,0.010779945598915219,0.00117257721722126,0.5948719972278923,439.19574497512485,878.3914899502497,41876.0625,899.54921875,0.0,0.0,0.0,0.0,0.0,0.0,0.0,1313.91015625,0.0,47,1968174.9375,41876.0625,41876.0625,41876.0625,0.0,41876.0625,41876.0625,41876.0625,47,61753.77734375,1313.91015625,1313.91015625,1313.91015625,0.0,1313.91015625,1313.91015625,1313.91015625,28,31.877,5,0.03909389488399029,0.007818778976798058,0.007324153557419777,0.009086914360523224,0.0007419899577579029,0.0074838753789663315,0.009086914360523224,0.009086914360523224,5,11.204228969290853,2.2408457938581705,2.006408991292119,2.6927590370178223,0.2654839870472684,2.1975389681756496,2.6927590370178223,2.6927590370178223,5,2914.457357954234,582.8914715908468,577.6463220827281,589.4896509125829,5.116291805250757,583.5334619041532,589.4896509125829,589.4896509125829,5,3.490347880870104,0.6980695761740208,0.6811900530010462,0.7195218931883574,0.018086151854727495,0.6886639166623354,0.7195218931883574,0.7195218931883574,5,4.82999300584197,0.9659986011683941,0.9359680116176605,1.0162789840251207,0.032591567027015635,0.966356135904789,1.0162789840251207,1.0162789840251207,5,5.272153997793794,1.0544307995587587,1.0101778898388147,1.1153251398354769,0.04709516666423923,1.045062905177474,1.1153251398354769,1.1153251398354769,5,80.0,16.0,16.0,16.0,0.0,16.0,16.0,16.0,5,4588640.0,917728.0,917728.0,917728.0,0.0,917728.0,917728.0,917728.0,5,17052.0,3410.4,3399.0,3425.0,9.736529155710468,3407.0,3425.0,3425.0,5,5
2026-06-02 15:14:14,Qwen/Qwen2-1.5B-Instruct,float16,1,probe_hook_qk,attn_tracker,disk-st-async,all_tokens,prefill,256,1,1,,False,True,,,,,,1,0,probe_hook_qk,5,0.019579836167395115,0.010602995380759239,0.0007662996184080839,0.03094913116656244,13089.024203898716,51.12900079647936,41878.0625,899.4443359375,0.0,0.0,0.0,0.0,0.0,0.0,0.0,1312.9140625,0.0,3,125634.1875,41878.0625,41878.0625,41878.0625,0.0,41878.0625,41878.0625,41878.0625,3,3938.7421875,1312.9140625,1312.9140625,1312.9140625,0.0,1312.9140625,1312.9140625,1312.9140625,29,24.008,5,0.028752721846103668,0.005750544369220734,0.005449866876006126,0.0067229848355054855,0.000546295010134505,0.005519948899745941,0.0067229848355054855,0.0067229848355054855,5,4.161158809438348,0.8322317618876696,0.7778219878673553,0.8943809662014246,0.043671747533754884,0.8199100848287344,0.8943809662014246,0.8943809662014246,5,97.80086716637015,19.56017343327403,18.966682953760028,20.805596839636564,0.7379237119539219,19.209619145840406,20.805596839636564,20.805596839636564,5,2.0045051351189613,0.40090102702379227,0.3853540401905775,0.4162420518696308,0.012408815174574584,0.40147406980395317,0.4162420518696308,0.4162420518696308,5,3.0739069916307926,0.6147813983261585,0.583697110414505,0.6415760144591331,0.02567830883692955,0.6082928739488125,0.6415760144591331,0.6415760144591331,5,3.385029034689069,0.6770058069378138,0.650141155347228,0.701498007401824,0.02239665245810315,0.6673841271549463,0.701498007401824,0.701498007401824,5,5.0,1.0,1.0,1.0,0.0,1.0,1.0,1.0,5,4588640.0,917728.0,917728.0,917728.0,0.0,917728.0,917728.0,917728.0,5,16515.0,3303.0,3298.0,3314.0,6.324555320336759,3301.0,3314.0,3314.0,5,5
2026-06-02 15:14:44,Qwen/Qwen2-1.5B-Instruct,float16,1,probe_hook_qk,attn_tracker,disk-st-async,all_tokens,prefill,256,32,1,,False,True,,,,,,1,0,probe_hook_qk,5,0.5227971693966538,0.010868692444637418,0.0011775241699069738,0.5348433860111982,489.6935758964496,61.2116969870562,41878.0625,899.4390625,0.0,0.0,0.0,0.0,0.0,0.0,0.0,1303.33984375,0.0,53,2219537.3125,41878.0625,41878.0625,41878.0625,0.0,41878.0625,41878.0625,41878.0625,53,69077.01171875,1303.33984375,1303.33984375,1303.33984375,0.0,1303.33984375,1303.33984375,1303.33984375,30,30.135,5,0.03676838241517544,0.007353676483035088,0.006932998076081276,0.007905066013336182,0.0004053060044167512,0.007403083145618439,0.007905066013336182,0.007905066013336182,5,6.680611055344343,1.3361222110688686,1.199623802676797,1.6641269903630018,0.19049902865208407,1.2668902054429054,1.6641269903630018,1.6641269903630018,5,2613.85967861861,522.771935723722,520.0052359141409,528.2643418759108,3.73555095316026,520.4733959399164,528.2643418759108,528.2643418759108,5,3.522958140820265,0.704591628164053,0.6599798798561096,0.761290080845356,0.0370772213789319,0.7035110611468554,0.761290080845356,0.761290080845356,5,4.9267669674009085,0.9853533934801817,0.9497350547462702,1.0484200902283192,0.03800910976624107,0.9774358477443457,1.0484200902283192,1.0484200902283192,5,5.29940496198833,1.059880992397666,1.0213591158390045,1.126826973631978,0.040337285759692455,1.052286010235548,1.126826973631978,1.126826973631978,5,5.0,1.0,1.0,1.0,0.0,1.0,1.0,1.0,5,4588640.0,917728.0,917728.0,917728.0,0.0,917728.0,917728.0,917728.0,5,16488.0,3297.6,3293.0,3304.0,4.722287581247038,3298.0,3304.0,3304.0,5,5
2026-06-02 15:15:09,Qwen/Qwen2-1.5B-Instruct,float16,1,probe_hook_qk,attn_tracker,disk-st-async,all_tokens,prefill,256,1,16,,False,True,,,,,,1,0,probe_hook_qk,5,0.07984530683606864,0.035711159370839594,0.0012236829847097398,0.11678014919161797,51313.3011085918,200.4425824554367,41888.0625,14339.605078125,0.0,0.0,0.0,0.0,0.0,0.0,0.0,1311.42578125,0.0,12,502656.75,41888.0625,41888.0625,41888.0625,0.0,41888.0625,41888.0625,41888.0625,12,15737.109375,1311.42578125,1311.42578125,1311.42578125,0.0,1311.42578125,1311.42578125,1311.42578125,31,24.702,5,0.03915303386747837,0.007830606773495674,0.00713299959897995,0.008295057341456413,0.00048437074476600654,0.007894821465015411,0.008295057341456413,0.008295057341456413,5,20.076818065717816,4.015363613143563,3.080157097429037,5.461789900436997,1.1814854167410158,3.214379074051976,5.461789900436997,5.461789900436997,5,399.1024710703641,79.82049421407282,77.69141695462167,81.45934506319463,1.4748583430365625,80.07204905152321,81.45934506319463,81.45934506319463,5,3.5488561261445284,0.7097712252289057,0.6741669494658709,0.7330169901251793,0.025149909976934275,0.7199021056294441,0.7330169901251793,0.7330169901251793,5,4.957433789968491,0.9914867579936981,0.9580799378454685,1.0105189867317677,0.02003579649023831,0.9960508905351162,1.0105189867317677,1.0105189867317677,5,5.339981755241752,1.0679963510483503,1.0300548747181892,1.0902578942477703,0.023094648446518918,1.0727150365710258,1.0902578942477703,1.0902578942477703,5,80.0,16.0,16.0,16.0,0.0,16.0,16.0,16.0,5,73401440.0,14680288.0,14680288.0,14680288.0,0.0,14680288.0,14680288.0,14680288.0,5,17338.0,3467.6,3462.0,3477.0,5.683308895353129,3466.0,3477.0,3477.0,5,5
2026-06-02 15:15:41,Qwen/Qwen2-1.5B-Instruct,float16,1,probe_hook_qk,attn_tracker,disk-st-async,all_tokens,prefill,256,32,16,,False,True,,,,,,1,0,probe_hook_qk,5,0.6184793820604682,0.03817806970328093,0.0013475313782691956,0.6580049831420183,6623.13325023677,827.8916562795963,41888.0625,14339.600390625,0.0,0.0,0.0,0.0,0.0,0.0,0.0,1311.59765625,0.0,59,2471395.6875,41888.0625,41888.0625,41888.0625,0.0,41888.0625,41888.0625,41888.0625,59,77384.26171875,1311.59765625,1311.59765625,1311.59765625,0.0,1311.59765625,1311.59765625,1311.59765625,32,31.754,5,0.04733912646770477,0.009467825293540955,0.007092952728271484,0.015278812497854233,0.003297903994868052,0.008466187864542007,0.015278812497854233,0.015278812497854233,5,28.53804430924356,5.707608861848712,3.3044081646949053,8.54268902912736,2.253859391578377,4.603278124704957,8.54268902912736,8.54268902912736,5,3092.2410278581083,618.4482055716217,611.0830311663449,623.3685610350221,5.6138983089845595,621.3924388866872,623.3685610350221,623.3685610350221,5,3.8865411188453436,0.7773082237690687,0.7305119652301073,0.8264018688350916,0.03908110093971486,0.7859061006456614,0.8264018688350916,0.8264018688350916,5,5.39744202978909,1.079488405957818,1.0165998246520758,1.1318770702928305,0.05313470235299412,1.10963499173522,1.1318770702928305,1.1318770702928305,5,5.857073934748769,1.1714147869497538,1.0994861368089914,1.2176469899713993,0.05595538339267843,1.1996240355074406,1.2176469899713993,1.2176469899713993,5,80.0,16.0,16.0,16.0,0.0,16.0,16.0,16.0,5,73401440.0,14680288.0,14680288.0,14680288.0,0.0,14680288.0,14680288.0,14680288.0,5,17314.0,3462.8,3460.0,3467.0,2.7748873851023217,3462.0,3467.0,3467.0,5,5
2026-06-02 15:16:07,Qwen/Qwen2-1.5B-Instruct,float16,1,probe_hidden_states,hidden_states,disk-st-async,all_tokens,prefill,16,1,1,,False,True,,,,,,1,0,probe_hidden_states,5,0.02176642995327711,0.010696316650137306,0.0016404219903051853,0.034103168593719604,735.1541450455218,45.94713406534511,41876.0625,1352.1962890625,0.0,0.0,0.0,0.0,0.0,0.0,0.0,1302.7421875,0.0,3,125628.1875,41876.0625,41876.0625,41876.0625,0.0,41876.0625,41876.0625,41876.0625,4,5210.96875,1302.7421875,1302.7421875,1302.7421875,0.0,1302.7421875,1302.7421875,1302.7421875,33,25.886,5,0.032088952139019966,0.006417790427803993,0.005941139534115791,0.007222872227430344,0.0006046045939921586,0.006041023880243301,0.007222872227430344,0.007222872227430344,5,7.891325978562236,1.5782651957124472,1.429937081411481,1.7351589631289244,0.1270794948249626,1.6250128392130136,1.7351589631289244,1.7351589631289244,5,108.7252190336585,21.7450438067317,21.3521639816463,21.990622859448195,0.24846936795108168,21.770569030195475,21.990622859448195,21.990622859448195,5,7.026842096820474,1.4053684193640947,1.3756637927144766,1.4550841879099607,0.03869404298069555,1.379041001200676,1.4550841879099607,1.4550841879099607,5,0.03014574758708477,0.006029149517416954,0.005289912223815918,0.006571877747774124,0.0006395682329390571,0.006361864507198334,0.006571877747774124,0.006571877747774124,5,8.149048080667853,1.6298096161335707,1.5956179704517126,1.6788940411061049,0.03703594809403268,1.610766164958477,1.6788940411061049,1.6788940411061049,5,5.0,1.0,1.0,1.0,0.0,1.0,1.0,1.0,5,6893520.0,1378704.0,1378704.0,1378704.0,0.0,1378704.0,1378704.0,1378704.0,5,29725.0,5945.0,5941.0,5956.0,6.519202405202649,5941.0,5956.0,5956.0,5,5
2026-06-02 15:16:37,Qwen/Qwen2-1.5B-Instruct,float16,1,probe_hidden_states,hidden_states,disk-st-async,all_tokens,prefill,16,32,1,,False,True,,,,,,1,0,probe_hidden_states,5,0.5113808376248926,0.010809380933642388,0.0020344962365925314,0.5242247147951276,31.293949537431683,62.587899074863365,41876.0625,1352.1908203125,0.0,0.0,0.0,0.0,0.0,0.0,0.0,1303.82421875,0.0,52,2177555.25,41876.0625,41876.0625,41876.0625,0.0,41876.0625,41876.0625,41876.0625,52,67798.859375,1303.82421875,1303.82421875,1303.82421875,0.0,1303.82421875,1303.82421875,1303.82421875,34,30.491,5,0.03980635665357113,0.007961271330714226,0.0070640817284584045,0.008967006579041481,0.0007164066598391863,0.007903901860117912,0.008967006579041481,0.008967006579041481,5,11.104871286079288,2.2209742572158575,1.9380408339202404,2.643856918439269,0.2869918637214486,2.2573608439415693,2.643856918439269,2.643856918439269,5,2556.770918890834,511.35418377816677,499.5623610448092,519.1475648898631,7.958001999488343,513.6689629871398,519.1475648898631,519.1475648898631,5,8.810703409835696,1.7621406819671392,1.6407528892159462,2.0031030289828777,0.14131117362160336,1.738075166940689,2.0031030289828777,2.0031030289828777,5,0.03078649751842022,0.006157299503684044,0.005700858309864998,0.0064407940953969955,0.0003175287859888991,0.006341841071844101,0.0064407940953969955,0.0064407940953969955,5,10.108019690960646,2.021603938192129,1.9050589762628078,2.2492147982120514,0.13445540561716326,1.9928838592022657,2.2492147982120514,2.2492147982120514,5,5.0,1.0,1.0,1.0,0.0,1.0,1.0,1.0,5,6893520.0,1378704.0,1378704.0,1378704.0,0.0,1378704.0,1378704.0,1378704.0,5,29697.0,5939.4,5924.0,5959.0,12.759310326189265,5936.0,5959.0,5959.0,5,5
2026-06-02 15:17:03,Qwen/Qwen2-1.5B-Instruct,float16,1,probe_hidden_states,hidden_states,disk-st-async,all_tokens,prefill,16,1,16,,False,True,,,,,,1,0,probe_hidden_states,5,0.07348600560799241,0.03547189156524837,0.003757775807753205,0.11271567298099398,3488.838008097407,218.05237550608794,41896.0625,21512.337890625,0.0,0.0,0.0,0.0,0.0,0.0,0.0,1303.33203125,0.0,11,460856.6875,41896.0625,41896.0625,41896.0625,0.0,41896.0625,41896.0625,41896.0625,11,14336.65234375,1303.33203125,1303.33203125,1303.33203125,0.0,1303.33203125,1303.33203125,1303.33203125,35,25.76,5,0.03791111521422863,0.007582223042845726,0.006752088665962219,0.00847596675157547,0.0006197170976277825,0.007594004273414612,0.00847596675157547,0.00847596675157547,5,58.830703143030405,11.766140628606081,11.446274118497968,12.883663875982165,0.6252710813925407,11.496027000248432,12.883663875982165,12.883663875982165,5,367.2991127241403,73.45982254482806,70.9795169532299,79.09361994825304,3.2437941190391273,72.75638496503234,79.09361994825304,79.09361994825304,5,17.20472308807075,3.44094461761415,2.483877120539546,6.379564991220832,1.648987331258561,2.750528044998646,6.379564991220832,6.379564991220832,5,0.02839416265487671,0.005678832530975342,0.005119014531373978,0.0067930668592453,0.0006573974274953752,0.005559995770454407,0.0067930668592453,0.0067930668592453,5,18.701454857364297,3.7402909714728594,2.67956405878067,6.96528609842062,1.8104685205434567,2.9948758892714977,6.96528609842062,6.96528609842062,5,80.0,16.0,16.0,16.0,0.0,16.0,16.0,16.0,5,110113200.0,22022640.0,22022640.0,22022640.0,0.0,22022640.0,22022640.0,22022640.0,5,29970.0,5994.0,5984.0,6000.0,6.123724356957945,5996.0,6000.0,6000.0,5,5
2026-06-02 15:17:35,Qwen/Qwen2-1.5B-Instruct,float16,1,probe_hidden_states,hidden_states,disk-st-async,all_tokens,prefill,16,32,16,,False,True,,,,,,1,0,probe_hidden_states,5,0.5977809708565474,0.05337891499511897,0.0038299314212054012,0.6549898172728718,428.27480038481997,856.5496007696399,41896.0625,21512.359375,0.0,0.0,0.0,0.0,0.0,0.0,0.0,1301.5078125,0.0,60,2513763.75,41896.0625,41896.0625,41896.0625,0.0,41896.0625,41896.0625,41896.0625,60,78090.46875,1301.5078125,1301.5078125,1301.5078125,0.0,1301.5078125,1301.5078125,1301.5078125,36,31.957,5,0.03717886283993721,0.007435772567987442,0.006952788680791855,0.007873866707086563,0.0003328321421143966,0.007493887096643448,0.007873866707086563,0.007873866707086563,5,60.97800796851516,12.195601593703032,11.826168047264218,12.625067960470915,0.34716903675337085,12.023788876831532,12.625067960470915,12.625067960470915,5,2988.7688267044723,597.7537653408945,589.5235170610249,602.0681348163635,5.01453075912439,599.8929678462446,602.0681348163635,602.0681348163635,5,17.837130231782794,3.567426046356559,2.8013628907501698,6.352534051984549,1.5574889289881395,2.8897591400891542,6.352534051984549,6.352534051984549,5,0.02905493602156639,0.005810987204313278,0.005349982529878616,0.006251968443393707,0.0003293764110269806,0.005760928615927696,0.006251968443393707,0.006251968443393707,5,19.061380298808217,3.8122760597616434,3.0255839228630066,6.60342606715858,1.5612282147340304,3.134929109364748,6.60342606715858,6.60342606715858,5,80.0,16.0,16.0,16.0,0.0,16.0,16.0,16.0,5,110113200.0,22022640.0,22022640.0,22022640.0,0.0,22022640.0,22022640.0,22022640.0,5,30080.0,6016.0,6007.0,6025.0,8.602325267042627,6014.0,6025.0,6025.0,5,5
2026-06-02 15:18:01,Qwen/Qwen2-1.5B-Instruct,float16,1,probe_hidden_states,hidden_states,disk-st-async,all_tokens,prefill,256,1,1,,False,True,,,,,,1,0,probe_hidden_states,5,0.028556636394932867,0.04976582918316126,0.0018013102002441884,0.08012377577833832,8983.53418487157,35.09193040965457,41904.0625,21512.3072265625,0.0,0.0,0.0,0.0,0.0,0.0,0.0,1309.58203125,0.0,8,335232.5,41904.0625,41904.0625,41904.0625,0.0,41904.0625,41904.0625,41904.0625,8,10476.65625,1309.58203125,1309.58203125,1309.58203125,0.0,1309.58203125,1309.58203125,1309.58203125,37,25.85,5,0.03204098902642727,0.006408197805285454,0.006111804395914078,0.006753019988536835,0.00027168038976581516,0.006342073902487755,0.006753019988536835,0.006753019988536835,5,24.761197855696082,4.952239571139216,3.682246897369623,7.850930094718933,1.701276619330486,4.19944990426302,7.850930094718933,7.850930094718933,5,142.67702330835164,28.535404661670327,27.222342090681195,30.99322598427534,1.4959454123194034,28.263287153095007,30.99322598427534,30.99322598427534,5,7.876456016674638,1.5752912033349276,1.4151791110634804,1.7281060572713614,0.1218468140592867,1.572122797369957,1.7281060572713614,1.7281060572713614,5,0.026971101760864258,0.0053942203521728516,0.0052300747483968735,0.005691079422831535,0.00019589540738484064,0.005319947376847267,0.005691079422831535,0.005691079422831535,5,8.943200344219804,1.7886400688439608,1.6133710741996765,1.9469971302896738,0.13096432567386634,1.7981270793825388,1.9469971302896738,1.9469971302896738,5,5.0,1.0,1.0,1.0,0.0,1.0,1.0,1.0,5,110113200.0,22022640.0,22022640.0,22022640.0,0.0,22022640.0,22022640.0,22022640.0,5,29813.0,5962.6,5959.0,5971.0,4.929503017546495,5960.0,5971.0,5971.0,5,5
2026-06-02 15:18:30,Qwen/Qwen2-1.5B-Instruct,float16,1,probe_hidden_states,hidden_states,disk-st-async,all_tokens,prefill,256,32,1,,False,True,,,,,,1,0,probe_hidden_states,5,0.5207647308241576,0.06063300953246653,0.0021856820210814478,0.5835834223777056,491.6267649860739,61.45334562325924,41904.0625,21512.3052734375,0.0,0.0,0.0,0.0,0.0,0.0,0.0,1313.20703125,2.0,47,1969490.9375,41904.0625,41904.0625,41904.0625,0.0,41904.0625,41904.0625,41904.0625,47,61615.8515625,1310.9755651595744,1310.2421875,1313.06640625,0.81393029844899,1311.20703125,1312.06640625,1313.06640625,38,28.949,5,0.039997976273298264,0.007999595254659653,0.007343944162130356,0.008837087079882622,0.0006733444301300088,0.007634982466697693,0.008837087079882622,0.008837087079882622,5,21.08184597454965,4.21636919490993,3.78926913253963,4.96849394403398,0.5154536603429981,3.95752489566803,4.96849394403398,4.96849394403398,5,2603.68758905679,520.737517811358,515.0775990914553,527.4929529987276,5.381531138407117,522.1294069197029,527.4929529987276,527.4929529987276,5,9.278219193220139,1.8556438386440277,1.7451480962336063,2.252741949632764,0.22236345560462017,1.7550569027662277,2.252741949632764,2.252741949632764,5,0.03090803511440754,0.006181607022881508,0.005531124770641327,0.006552087143063545,0.00046281998391164633,0.006471993401646614,0.006552087143063545,0.006552087143063545,5,10.77261776663363,2.154523553326726,2.0089249592274427,2.623798791319132,0.26291207704373665,2.0459929946810007,2.623798791319132,2.623798791319132,5,5.0,1.0,1.0,1.0,0.0,1.0,1.0,1.0,5,110113200.0,22022640.0,22022640.0,22022640.0,0.0,22022640.0,22022640.0,22022640.0,5,29803.0,5960.6,5954.0,5967.0,5.029910535983717,5959.0,5967.0,5967.0,5,5
2026-06-02 15:19:01,Qwen/Qwen2-1.5B-Instruct,float16,1,probe_hidden_states,hidden_states,disk-st-async,all_tokens,prefill,256,1,16,,False,True,,,,,,1,0,probe_hidden_states,5,0.17875128583982586,0.4643139568157494,0.0039063585922122,0.6469716012477875,23616.730931561164,92.2528552014108,42320.0625,344072.4744140625,0.0,0.0,0.0,0.0,0.0,0.0,0.0,1318.4296875,2.0,42,1777442.625,42320.0625,42320.0625,42320.0625,0.0,42320.0625,42320.0625,42320.0625,42,55280.73046875,1316.2078683035713,1315.4296875,1318.4296875,0.8598319944978678,1316.4296875,1317.39453125,1318.4296875,39,31.4,5,0.04063686355948448,0.008127372711896896,0.007244059816002846,0.008736038580536842,0.0005429240284833257,0.008225906640291214,0.008736038580536842,0.008736038580536842,5,349.16708525270224,69.83341705054045,44.091321993619204,119.9950200971216,35.496971729393174,45.29730789363384,119.9950200971216,119.9950200971216,5,893.6026410665363,178.72052821330726,148.64795003086329,229.54455693252385,36.076592327055906,156.17314795963466,229.54455693252385,229.54455693252385,5,18.118109088391066,3.623621817678213,2.963938983157277,6.174711044877768,1.426195229839817,2.987762913107872,6.174711044877768,6.174711044877768,5,0.029715709388256073,0.005943141877651215,0.005309935659170151,0.006843125447630882,0.0005792482398488967,0.0057409051805734634,0.006843125447630882,0.006843125447630882,5,19.417318049818277,3.8834636099636555,3.214429132640362,6.4409400802105665,1.4297809469885698,3.25277098454535,6.4409400802105665,6.4409400802105665,5,80.0,16.0,16.0,16.0,0.0,16.0,16.0,16.0,5,1761620880.0,352324176.0,352324176.0,352324176.0,0.0,352324176.0,352324176.0,352324176.0,5,30189.0,6037.8,6021.0,6053.0,11.77709641634983,6038.0,6053.0,6053.0,5,5
2026-06-02 15:19:39,Qwen/Qwen2-1.5B-Instruct,float16,1,probe_hidden_states,hidden_states,disk-st-async,all_tokens,prefill,256,32,16,,False,True,,,,,,1,0,probe_hidden_states,5,0.7443632496520877,0.5039418887812644,0.005149724613875151,1.2534548630472273,5529.201752862563,691.1502191078204,42320.0625,344072.473828125,0.0,0.0,0.0,0.0,0.0,0.0,0.0,1310.36328125,1.0,123,5205367.6875,42320.0625,42320.0625,42320.0625,0.0,42320.0625,42320.0625,42320.0625,123,160926.32421875,1308.3440993394308,1307.36328125,1309.36328125,0.8927834899637496,1308.36328125,1309.36328125,1309.36328125,40,37.933,5,0.04219799302518368,0.008439598605036736,0.007563969120383263,0.01029903069138527,0.0011151405800458346,0.008306000381708145,0.01029903069138527,0.01029903069138527,5,515.2212590910494,103.04425181820989,45.065793907269835,180.6665319018066,55.93385122852377,90.85699007846415,180.6665319018066,180.6665319018066,5,3721.669634571299,744.3339269142598,681.2087339349091,819.53578395769,58.19386855275497,720.4746019560844,819.53578395769,819.53578395769,5,24.205073248595,4.841014649719,3.2368211541324854,10.98862406797707,3.4368408008946627,3.326368983834982,10.98862406797707,10.98862406797707,5,0.032271258533000946,0.006454251706600189,0.005911104381084442,0.006833113729953766,0.00034067600445900824,0.006471993401646614,0.006833113729953766,0.006833113729953766,5,25.626251939684153,5.1252503879368305,3.513509873300791,11.263771215453744,3.431829462907777,3.618416842073202,11.263771215453744,11.263771215453744,5,80.0,16.0,16.0,16.0,0.0,16.0,16.0,16.0,5,1761620880.0,352324176.0,352324176.0,352324176.0,0.0,352324176.0,352324176.0,352324176.0,5,30186.0,6037.2,6034.0,6044.0,4.324349662087931,6035.0,6044.0,6044.0,5,5
2026-06-02 15:20:04,Qwen/Qwen2-1.5B-Instruct,float16,1,steer_hook_act,,rpc,last_token,prefill,16,1,1,,False,True,,,,,,1,0,steer_hook_act,5,0.016802450409159064,3.133760765194893e-06,4.614237695932388e-07,0.016806045593693853,952.4240244201508,59.52650152625942,41876.0625,0.0,0.0,0.0,0.0,0.0,0.0,0.0,0.0,1318.578125,0.0,2,83752.125,41876.0625,41876.0625,41876.0625,0.0,41876.0625,41876.0625,41876.0625,2,2637.15625,1318.578125,1318.578125,1318.578125,0.0,1318.578125,1318.578125,1318.578125,41,25.155,5,0.024546869099140167,0.0049093738198280334,0.004498986527323723,0.005631009116768837,0.00042682675910248594,0.004798872396349907,0.005631009116768837,0.005631009116768837,,,,,,,,,,5,83.86400318704545,16.77280063740909,16.512422123923898,17.100516008213162,0.26055781839337694,16.72705402597785,17.100516008213162,17.100516008213162,,,,,,,,,,,,,,,,,,,,,,,,,,,,5,5.0,1.0,1.0,1.0,0.0,1.0,1.0,1.0,,,,,,,,,,,,,,,,,,,5,
2026-06-02 15:20:33,Qwen/Qwen2-1.5B-Instruct,float16,1,steer_hook_act,,rpc,last_token,prefill,16,32,1,,False,True,,,,,,1,0,steer_hook_act,5,0.5242428829427809,5.252193659543991e-06,1.3202428817749023e-06,0.5242494553793222,30.55697635115397,61.11395270230794,41876.0625,0.0,0.0,0.0,0.0,0.0,0.0,0.0,0.0,1319.578125,0.0,45,1884422.8125,41876.0625,41876.0625,41876.0625,0.0,41876.0625,41876.0625,41876.0625,45,59381.015625,1319.578125,1319.578125,1319.578125,0.0,1319.578125,1319.578125,1319.578125,42,28.742,5,0.053209951147437096,0.010641990229487419,0.00974792055785656,0.011931871995329857,0.0008596755002009984,0.010750023648142815,0.011931871995329857,0.011931871995329857,,,,,,,,,,5,2620.867573423311,524.1735146846622,503.4669260494411,550.280282041058,20.453442853252966,516.8828801251948,550.280282041058,550.280282041058,,,,,,,,,,,,,,,,,,,,,,,,,,,,5,5.0,1.0,1.0,1.0,0.0,1.0,1.0,1.0,,,,,,,,,,,,,,,,,,,5,
2026-06-02 15:21:03,Qwen/Qwen2-1.5B-Instruct,float16,1,steer_hook_act,,rpc,last_token,prefill,16,1,16,,False,True,,,,,,1,0,steer_hook_act,5,0.03839789470657706,3.2019801437854766e-06,5.650799721479416e-07,0.038401661766693,6781.014442296821,423.8134026435513,41876.0625,0.0,0.0,0.0,0.0,0.0,0.0,0.0,0.0,1319.578125,0.0,4,167504.25,41876.0625,41876.0625,41876.0625,0.0,41876.0625,41876.0625,41876.0625,4,5278.3125,1319.578125,1319.578125,1319.578125,0.0,1319.578125,1319.578125,1319.578125,43,30.3,5,0.03455416299402714,0.0069108325988054276,0.004909001290798187,0.009017065167427063,0.0019054820360247136,0.00661192461848259,0.009017065167427063,0.009017065167427063,,,,,,,,,,5,191.81098858825862,38.362197717651725,34.044216852635145,46.93643795326352,5.799160457363939,34.50654586777091,46.93643795326352,46.93643795326352,,,,,,,,,,,,,,,,,,,,,,,,,,,,5,80.0,16.0,16.0,16.0,0.0,16.0,16.0,16.0,,,,,,,,,,,,,,,,,,,5,
2026-06-02 15:21:38,Qwen/Qwen2-1.5B-Instruct,float16,1,steer_hook_act,,rpc,last_token,prefill,16,32,16,,False,True,,,,,,1,0,steer_hook_act,5,0.6023231620434671,4.215957596898079e-06,1.2344680726528168e-06,0.6023286124691367,425.11463272258607,850.2292654451721,41876.0625,0.0,0.0,0.0,0.0,0.0,0.0,0.0,0.0,1319.578125,0.0,59,2470687.6875,41876.0625,41876.0625,41876.0625,0.0,41876.0625,41876.0625,41876.0625,59,77855.109375,1319.578125,1319.578125,1319.578125,0.0,1319.578125,1319.578125,1319.578125,44,34.665,5,0.05047442391514778,0.010094884783029556,0.009428011253476143,0.011081108823418617,0.0006931286610039355,0.009878072887659073,0.011081108823418617,0.011081108823418617,,,,,,,,,,5,3011.3616932649165,602.2723386529833,591.28347504884,614.0501250047237,10.00710133895997,599.6346031315625,614.0501250047237,614.0501250047237,,,,,,,,,,,,,,,,,,,,,,,,,,,,5,80.0,16.0,16.0,16.0,0.0,16.0,16.0,16.0,,,,,,,,,,,,,,,,,,,5,
2026-06-02 15:22:09,Qwen/Qwen2-1.5B-Instruct,float16,1,steer_hook_act,,rpc,last_token,prefill,256,1,1,,False,True,,,,,,1,0,steer_hook_act,5,0.021727564604952933,3.6687590181827547e-06,6.514135748147965e-07,0.02173188477754593,12034.549968819028,47.00996081569933,41876.0625,0.0,0.0,0.0,0.0,0.0,0.0,0.0,0.0,1319.578125,0.0,2,83752.125,41876.0625,41876.0625,41876.0625,0.0,41876.0625,41876.0625,41876.0625,2,2639.15625,1319.578125,1319.578125,1319.578125,0.0,1319.578125,1319.578125,1319.578125,45,30.893,5,0.03124028444290161,0.006248056888580322,0.005190027877688408,0.008205883204936981,0.0012149587043528444,0.006202142685651779,0.008205883204936981,0.008205883204936981,,,,,,,,,,5,108.45283837988973,21.690567675977945,17.943730112165213,25.144519051536918,3.453466696376892,22.678065113723278,25.144519051536918,25.144519051536918,,,,,,,,,,,,,,,,,,,,,,,,,,,,5,5.0,1.0,1.0,1.0,0.0,1.0,1.0,1.0,,,,,,,,,,,,,,,,,,,5,
2026-06-02 15:22:46,Qwen/Qwen2-1.5B-Instruct,float16,1,steer_hook_act,,rpc,last_token,prefill,256,32,1,,False,True,,,,,,1,0,steer_hook_act,5,0.575420047994703,5.3800176829099655e-06,1.0380055755376815e-06,0.5754264660179615,445.0138425130099,55.626730314126235,41876.0625,0.0,0.0,0.0,0.0,0.0,0.0,0.0,0.0,1319.578125,0.0,52,2177555.25,41876.0625,41876.0625,41876.0625,0.0,41876.0625,41876.0625,41876.0625,52,68618.0625,1319.578125,1319.578125,1319.578125,0.0,1319.578125,1319.578125,1319.578125,46,36.906,5,0.044031767174601555,0.008806353434920311,0.007583992555737495,0.009988900274038315,0.0009540457726508015,0.008977018296718597,0.009988900274038315,0.009988900274038315,,,,,,,,,,5,2876.814001938328,575.3628003876656,564.8767550010234,591.8699558824301,10.6862030801037,573.8765320274979,591.8699558824301,591.8699558824301,,,,,,,,,,,,,,,,,,,,,,,,,,,,5,5.0,1.0,1.0,1.0,0.0,1.0,1.0,1.0,,,,,,,,,,,,,,,,,,,5,
2026-06-02 15:23:21,Qwen/Qwen2-1.5B-Instruct,float16,1,steer_hook_act,,rpc,last_token,prefill,256,1,16,,False,True,,,,,,1,0,steer_hook_act,5,0.09042300605215133,3.78098338842392e-06,8.718110620975495e-07,0.09042765884660184,45444.42722981058,177.51729386644757,41876.0625,0.0,0.0,0.0,0.0,0.0,0.0,0.0,0.0,1319.578125,0.0,9,376884.5625,41876.0625,41876.0625,41876.0625,0.0,41876.0625,41876.0625,41876.0625,9,11876.203125,1319.578125,1319.578125,1319.578125,0.0,1319.578125,1319.578125,1319.578125,47,35.427,5,0.0357374083250761,0.007147481665015221,0.006261048838496208,0.008677132427692413,0.0010252982366960445,0.006651971489191055,0.008677132427692413,0.008677132427692413,,,,,,,,,,5,451.9134408328682,90.38268816657364,83.29237205907702,98.15676580183208,5.741240724710467,91.59587603062391,98.15676580183208,98.15676580183208,,,,,,,,,,,,,,,,,,,,,,,,,,,,5,80.0,16.0,16.0,16.0,0.0,16.0,16.0,16.0,,,,,,,,,,,,,,,,,,,5,
2026-06-02 15:23:57,Qwen/Qwen2-1.5B-Instruct,float16,1,steer_hook_act,,rpc,last_token,prefill,256,32,16,,False,True,,,,,,1,0,steer_hook_act,5,0.6460536397993565,4.021450877189636e-06,9.699258953332901e-07,0.6460586311761289,6344.350986738303,793.0438733422878,41876.0625,0.0,0.0,0.0,0.0,0.0,0.0,0.0,0.0,1319.578125,0.0,62,2596315.875,41876.0625,41876.0625,41876.0625,0.0,41876.0625,41876.0625,41876.0625,62,81813.84375,1319.578125,1319.578125,1319.578125,0.0,1319.578125,1319.578125,1319.578125,48,35.865,5,0.04373234696686268,0.008746469393372536,0.008044997230172157,0.009708106517791748,0.0006127517207561874,0.008606119081377983,0.009708106517791748,0.009708106517791748,,,,,,,,,,5,3230.050446698442,646.0100893396884,623.5331639181823,666.5929369628429,18.874774166817797,638.7676850426942,666.5929369628429,666.5929369628429,,,,,,,,,,,,,,,,,,,,,,,,,,,,5,80.0,16.0,16.0,16.0,0.0,16.0,16.0,16.0,,,,,,,,,,,,,,,,,,,5,
